2132.1,569.29
2130.6,567.76
2129.9,567.6
2129,567.81
2128,568.24
2127,568.7
2126,568.95
2125,569.05
2124,569.3
2123,569.65
2122,569.65
2121,569.24
2120,568.7
2119,567.95
2118,567
2117,566.11
2116,565.65
2115,565.81
2114,566.24
2113,566.65
2112,566.7
2111,566.65
2110,567
2109,567.4
2108,567.54
2107,567.81
2106,568.24
2105,568.76
2104,569.19
2103,569.35
2102,569
2101,568.71
2100,569
2099,569.4
2098,569.54
2097,569.76
2096,569.95
2095,570.05
2094,570.24
2093,570.46
2092,570.49
2091,570.51
2090,570.49
2089,570.51
2088,570.6
2087,571.05
2086,571.59
2085,571.7
2084,571.6
2083,571.76
2082,571.95
2081,572
2080,572.05
2079,572.24
2078,572.35
2077,572
2076,571.71
2075,572.11
2074,572.89
2073,573.4
2072,573.49
2071,573.51
2070,573.49
2069,573.46
2068,573.24
2067,573.05
2066,573
2065,573
2064,573
2063,573
2062,572.95
2061,572.76
2060,572.54
2059,572.51
2058,572.6
2057,573.05
2056,573.59
2055,573.65
2054,573.35
2053,573.35
2052,573.76
2051,574.24
2050,574.65
2049,574.7
2048,574.65
2047,575.11
2046,576
2045,577
2044,578
2043,578.95
2042,579.59
2041,579.7
2040,579.54
2039,579.46
2038,579.19
2037,578.76
2036,578.24
2035,577.81
2034,577.54
2033,577.4
2032,576.89
2031,576
2030,575
2029,574.05
2028,573.35
2027,573
2026,572.76
2025,572.6
2024,572.7
2023,572.65
2022,572.24
2021,571.81
2020,571.6
2019,571.7
2018,571.59
2017,570.95
2016,570
2015,569
2014,568
2013,567
2012,566
2011,565
2010,564.05
2009,563.41
2008,563.41
2007,563.95
2006,564.35
2005,564.19
2004,563.7
2003,562.95
2002,562.11
2001,561.65
2000,561.7
1999,561.59
1998,560.95
1997,560
1996,559
1995,558.11
1994,557.6
1993,557.4
1992,556.89
1991,556
1990,555.05
1989,554.35
1988,554
1987,553.76
1986,553.54
1985,553.46
1984,553.19
1983,552.81
1982,552.65
1981,553
1980,553.29
1979,552.89
1978,552.11
1977,551.6
1976,551.46
1975,551.3
1974,551.3
1973,551.46
1972,551.49
1971,551.4
1970,550.89
1969,550
1968,549.05
1967,548.3
1966,547.7
1965,546.95
1964,546
1963,545.11
1962,544.65
1961,544.7
1960,544.65
1959,544.24
1958,543.7
1957,542.95
1956.1,542
1955.3,541
1954.7,540
1953.9,539
1953,538
1952,537
1951,536.05
1950,535.35
1949,535
1948,534.65
1947,534
1946,533.3
1945,532.76
1944,532.24
1943,531.76
1942,531.24
1941,530.81
1940,530.54
1939,530.46
1938,530.19
1937,529.7
1936,528.95
1935,528
1934,527
1933,526
1932,525
1931,524
1930,523.11
1929,522.71
1928,523
1927,523.29
1926,522.95
1925,522.41
1924,522.3
1923,522.35
1922,521.89
1921,521
1920,520
1919,519
1918,518
1917,517
1916,516
1915,515
1914,514
1913,513.11
1912,512.6
1911,512.51
1910,512.49
1909,512.4
1908,511.95
1907,511.41
1906,511.35
1905,511.7
1904,511.89
1903,511.65
1902,510.95
1901,510
1900,509
1899,508
1898,507.05
1897,506.3
1896,505.76
1895,505.24
1894,504.7
1893,503.95
1892,503
1891,502
1890,501
1889,500
1888,499.05
1887,498.3
1886,497.7
1885,496.95
1884,496
1883,495
1882,494
1881,493
1880,492
1879,491.11
1878,490.6
1877,490.4
1876,489.89
1875,489
1874,488
1873,487.05
1872,486.41
1871,486.41
1870,486.95
1869,487.35
1868,487.19
1867,486.76
1866,486.24
1865,485.76
1864,485.24
1863,484.7
1862,484.05
1861,483.6
1860,483.4
1859,482.95
1858,482.3
1857,481.81
1856,481.54
1855,481.51
1854,481.49
1853,481.46
1852,481.19
1851,480.7
1850,479.95
1849,479.11
1848,478.6
1847,478.4
1846,477.89
1845,477.11
1844,476.6
1843,476.4
1842,475.89
1841,475
1840,474.05
1839,473.3
1838,472.81
1837,472.54
1836,472.51
1835,472.6
1834,473
1833,473.29
1832,472.89
1831,472
1830,471
1829,470.11
1828,469.6
1827,469.51
1826,469.49
1825,469.4
1824,468.89
1823,468
1822,467.05
1821,466.35
1820,466.11
1819,466.24
1818,466.35
1817,465.89
1816,465
1815,464
1814,463
1813,462
1812,461.05
1811,460.3
1810,459.81
1809,459.54
1808,459.4
1807,458.89
1806,458.05
1805,457.3
1804,456.76
1803,456.3
1802,456
1801,455.65
1800,455.05
1799,454.6
1798,454.51
1797,454.49
1796,454.46
1795,454.19
1794,453.81
1793,453.54
1792,453.46
1791,453.19
1790,452.7
1789,451.95
1788,451.05
1787,450.3
1786,449.76
1785,449.35
1784,449.35
1783,449.65
1782,449.65
1781,449.3
1780,449.05
1779,448.95
1778,448.65
1777,447.95
1776,447
1775,446
1774,445
1773,444.05
1772,443.3
1771,442.81
1770,442.54
1769,442.51
1768,442.49
1767,442.46
1766,442.19
1765,441.81
1764,441.54
1763,441.4
1762,440.89
1761,440.11
1760,439.6
1759,439.4
1758,438.89
1757,438.05
1756,437.35
1755,437.05
1754,436.95
1753,436.65
1752,436.05
1751,435.6
1750,435.51
1749,435.49
1748,435.46
1747,435.24
1746,435
1745,434.65
1744,434.05
1743,433.6
1742,433.46
1741,433.3
1740,433.41
1739,434.05
1738,434.89
1737,435.4
1736,435.54
1735,435.7
1734,435.7
1733,435.54
1732,435.51
1731,435.49
1730,435.51
1729,435.49
1728,435.4
1727,434.89
1726,434.11
1725,433.6
1724,433.4
1723,432.89
1722,432.05
1721,431.3
1720,430.76
1719,430.24
1718,429.76
1717,429.24
1716,428.81
1715,428.54
1714,428.51
1713,428.54
1712,428.7
1711,428.59
1710,427.95
1709,427
1708,426
1707,425
1706,424.05
1705,423.3
1704,422.81
1703,422.65
1702,423
1701,423.29
1700,422.89
1699,422
1698,421.05
1697,420.3
1696,419.76
1695,419.24
1694,418.81
1693,418.6
1692,418.7
1691,418.65
1690,418.3
1689,418.05
1688,417.95
1687,417.7
1686,417.24
1685,416.81
1684,416.54
1683,416.46
1682,416.19
1681,415.76
1680,415.35
1679,415.3
1678,415.46
1677,415.49
1676,415.4
1675,415
1674,414.6
1673,414.51
1672,414.49
1671,414.46
1670,414.19
1669,413.81
1668,413.54
1667,413.46
1666,413.19
1665,412.81
1664,412.54
1663,412.4
1662,411.89
1661,411
1660,410.05
1659,409.35
1658,409
1657,408.76
1656,408.65
1655,409.05
1654,409.59
1653,409.59
1652,409.05
1651,408.6
1650,408.4
1649,407.95
1648,407.3
1647,406.81
1646,406.54
1645,406.46
1644,406.24
1643,406.05
1642,406
1641,406
1640,405.95
1639,405.7
1638,405.24
1637,404.76
1636,404.24
1635,403.81
1634,403.54
1633,403.51
1632,403.49
1631,403.51
1630,403.49
1629,403.46
1628,403.19
1627,402.81
1626,402.54
1625,402.46
1624,402.19
1623,401.81
1622,401.54
1621,401.51
1620,401.49
1619,401.46
1618,401.19
1617,400.7
1616,400
1615,399.35
1614,399.11
1613,399.24
1612,399.4
1611,399.19
1610,398.81
1609,398.54
1608,398.46
1607,398.19
1606,397.81
1605,397.54
1604,397.4
1603,396.89
1602,396.11
1601,395.6
1600,395.46
1599,395.19
1598,394.81
1597,394.54
1596,394.46
1595,394.19
1594,393.81
1593,393.6
1592,393.7
1591,393.65
1590,393.3
1589,393
1588,392.76
1587,392.54
1586,392.51
1585,392.49
1584,392.46
1583,392.24
1582,392
1581,391.76
1580,391.54
1579,391.46
1578,391.19
1577,390.81
1576,390.54
1575,390.46
1574,390.19
1573,389.81
1572,389.54
1571,389.46
1570,389.19
1569,388.81
1568,388.54
1567,388.51
1566,388.49
1565,388.51
1564,388.49
1563,388.51
1562,388.49
1561,388.46
1560,388.24
1559,388.05
1558,388
1557,388
1556,387.95
1555,387.76
1554,387.54
1553,387.51
1552,387.49
1551,387.51
1550,387.49
1549,387.4
1548,387
1547,386.6
1546,386.51
1545,386.49
1544,386.51
1543,386.6
1542,387
1541,387.29
1540,386.95
1539,386.35
1538,386.05
1537,386.05
1536,386.24
1535,386.46
1534,386.49
1533,386.51
1532,386.49
1531,386.46
1530,386.24
1529,386.05
1528,385.95
1527,385.76
1526,385.65
1525,386
1524,386.35
1523,386.24
1522,386
1521,385.76
1520,385.54
1519,385.51
1518,385.49
1517,385.51
1516,385.49
1515,385.46
1514,385.3
1513,385.35
1512,385.65
1511,385.7
1510,385.54
1509,385.51
1508,385.49
1507,385.46
1506,385.24
1505,385.05
1504,385
1503,385
1502,385
1501,384.95
1500,384.76
1499,384.54
1498,384.51
1497,384.49
1496,384.51
1495,384.49
1494,384.51
1493,384.49
1492,384.51
1491,384.54
1490,384.76
1489,384.95
1488,385
1487,385
1486,385.05
1485,385.24
1484,385.4
1483,385.24
1482,385.05
1481,385
1480,385
1479,385
1478,385.05
1477,385.3
1476,385.7
1475,385.95
1474,386
1473,386
1472,386
1471,385.95
1470,385.65
1469,385.05
1468,384.71
1467,385
1466,385.4
1465,385.49
1464,385.46
1463,385.3
1462,385.35
1461,385.65
1460,385.7
1459,385.6
1458,385.76
1457,385.95
1456,386
1455,386
1454,385.95
1453,385.76
1452,385.6
1451,385.7
1450,385.7
1449,385.6
1448,385.76
1447,385.95
1446,386
1445.1,386.05
1444.3,386.35
1443.7,386.95
1442.9,387.35
1442,387.24
1441,387.11
1440,387.24
1439,387.4
1438,387.24
1437,387.05
1436,386.95
1435,386.76
1434,386.54
1433,386.51
1432,386.49
1431,386.51
1430,386.6
1429,387
1428,387.35
1427,387.24
1426,387.05
1425,387.05
1424,387.24
1423,387.4
1422,387.24
1421,387.05
1420,386.95
1419,386.76
1418,386.54
1417,386.51
1416,386.6
1415,387
1414,387.4
1413,387.6
1412,388
1411,388.4
1410,388.54
1409,388.7
1408,388.7
1407,388.54
1406,388.51
1405,388.49
1404,388.51
1403,388.54
1402,388.76
1401,388.95
1400,389
1399,388.95
1398,388.76
1397,388.54
1396,388.51
1395,388.49
1394,388.51
1393,388.49
1392,388.51
1391,388.6
1390,389.05
1389,389.65
1388,389.95
1387,390
1386,390
1385,390.05
1384,390.24
1383,390.4
1382,390.3
1381,390.3
1380,390.46
1379,390.49
1378,390.51
1377,390.49
1376.1,390.51
1375.3,390.6
1374.7,391.05
1373.9,391.7
1373,392.19
1372,392.4
1371,392.19
1370,391.81
1369,391.54
1368,391.51
1367,391.49
1366,391.51
1365,391.49
1364,391.51
1363,391.49
1362,391.51
1361,391.49
1360,391.51
1359,391.6
1358,392.11
1357,392.89
1356,393.4
1355,393.49
1354,393.51
1353,393.6
1352,394
1351,394.4
1350,394.54
1349,394.81
1348,395.19
1347,395.35
1346,395
1345,394.6
1344,394.51
1343,394.49
1342,394.51
1341,394.6
1340,395.05
1339,395.65
1338,395.95
1337,396
1336,396
1335,396.05
1334,396.24
1333,396.46
1332,396.6
1331,397
1330,397.4
1329,397.49
1328,397.51
1327,397.49
1326,397.51
1325,397.49
1324,397.51
1323,397.49
1322,397.51
1321,397.49
1320,397.51
1319,397.6
1318,398.11
1317,399
1316,400
1315,400.95
1314,401.59
1313,401.7
1312,401.54
1311,401.46
1310,401.3
1309,401.41
1308,401.95
1307,402.4
1306,402.49
1305,402.51
1304,402.49
1303,402.46
1302,402.3
1301,402.3
1300,402.46
1299,402.6
1298,403.05
1297,403.7
1296,404.19
1295,404.46
1294,404.54
1293,404.81
1292,405.24
1291,405.76
1290,406.19
1289,406.4
1288,406.24
1287,406.11
1286,406.3
1285,406.76
1284,407.19
1283,407.46
1282,407.49
1281,407.51
1280,407.54
1279,407.81
1278,408.24
1277,408.76
1276,409.19
1275,409.4
1274,409.24
1273,409.05
1272,409.05
1271,409.35
1270,409.95
1269,410.35
1268,410.19
1267,409.81
1266,409.54
1265,409.51
1264,409.49
1263,409.51
1262,409.6
1261,410.11
1260,411
1259,411.89
1258,412.4
1257,412.54
1256,412.81
1255,413.24
1254,413.76
1253,414.24
1252,414.76
1251,415.19
1250,415.4
1249,415.3
1248,415.41
1247,415.95
1246,416.4
1245,416.49
1244,416.51
1243,416.54
1242,416.81
1241,417.19
1240,417.46
1239,417.6
1238,418.11
1237,418.89
1236,419.35
1235,419.3
1234,419.41
1233,419.95
1232,420.4
1231,420.54
1230,420.81
1229,421.19
1228,421.46
1227,421.54
1226,421.81
1225,422.19
1224,422.46
1223,422.49
1222,422.46
1221,422.3
1220,422.35
1219,422.65
1218,422.7
1217,422.65
1216,423.11
1215,424
1214,424.89
1213,425.4
1212,425.54
1211,425.76
1210,425.95
1209,426.05
1208,426.24
1207,426.46
1206,426.49
1205,426.51
1204,426.6
1203,427.11
1202,427.89
1201,428.4
1200,428.6
1199,429.11
1198,429.95
1197,430.7
1196,431.19
1195,431.46
1194,431.54
1193,431.81
1192,432.24
1191,432.7
1190,432.95
1189,433.05
1188,433.24
1187,433.46
1186,433.49
1185,433.51
1184,433.6
1183,434.05
1182,434.7
1181,435.19
1180,435.46
1179,435.49
1178,435.51
1177,435.49
1176,435.51
1175,435.49
1174,435.51
1173,435.6
1172,436.11
1171,437
1170,438
1169,438.89
1168,439.4
1167,439.6
1166,440.11
1165,440.89
1164,441.4
1163,441.6
1162,442.05
1161,442.7
1160,443.3
1159,444.05
1158,445
1157,446
1156,447
1155,447.95
1154,448.59
1153,448.7
1152,448.54
1151,448.51
1150,448.49
1149,448.51
1148,448.54
1147,448.81
1146,449.19
1145,449.46
1144,449.54
1143,449.81
1142,450.24
1141,450.7
1140,450.95
1139,451.05
1138,451.24
1137,451.4
1136,451.3
1135,451.41
1134,452.05
1133,452.95
1132,453.7
1131,454.3
1130,455
1129,455.7
1128,456.3
1127,457.05
1126,457.89
1125,458.4
1124,458.54
1123,458.81
1122,459.24
1121,459.76
1120,460.24
1119,460.76
1118,461.19
1117,461.4
1116,461.24
1115,461.11
1114,461.3
1113,461.76
1112,462.3
1111,463.05
1110,463.89
1109,464.4
1108,464.6
1107,465.11
1106,465.95
1105,466.7
1104,467.24
1103,467.76
1102,468.19
1101,468.46
1100,468.54
1099,468.81
1098,469.24
1097,469.76
1096,470.24
1095,470.76
1094,471.3
1093,472.05
1092,472.89
1091,473.35
1090,473.3
1089,473.41
1088,474
1087,474.7
1086,475.19
1085,475.46
1084,475.54
1083,475.7
1082,475.7
1081,475.65
1080,476.05
1079,476.7
1078,477.19
1077,477.46
1076,477.49
1075,477.51
1074,477.6
1073,478.11
1072,478.89
1071,479.4
1070,479.6
1069,480.11
1068,481
1067,481.95
1066,482.7
1065,483.3
1064,484
1063,484.7
1062,485.24
1061,485.76
1060,486.3
1059,487.05
1058,487.89
1057,488.35
1056,488.3
1055,488.35
1054,488.76
1053,489.3
1052,490
1051,490.7
1050,491.24
1049,491.7
1048,491.95
1047,492.05
1046,492.24
1045,492.46
1044,492.6
1043,493.11
1042,493.89
1041,494.4
1040,494.6
1039,495.11
1038,495.89
1037,496.4
1036,496.6
1035,497.05
1034,497.7
1033,498.3
1032,499.05
1031,500
1030,500.95
1029,501.7
1028,502.3
1027,503
1026,503.7
1025,504.3
1024,505.05
1023,505.95
1022,506.7
1021,507.24
1020,507.76
1019,508.24
1018,508.76
1017,509.24
1016,509.76
1015,510.24
1014,510.76
1013,511.24
1012,511.76
1011,512.24
1010,512.76
1009,513.3
1008,514.05
1007,514.95
1006,515.7
1005,516.24
1004,516.76
1003,517.24
1002,517.76
1001,518.24
1000,518.76
999,519.24
998,519.76
997,520.19
996,520.46
995,520.6
994,521.11
993,521.95
992,522.7
991,523.3
990,524.05
989,524.95
988,525.7
987,526.24
986,526.76
985,527.24
984,527.76
983,528.24
982,528.7
981,529
980,529.35
979,530.05
978,530.95
977,531.7
976,532.24
975,532.76
974,533.3
973,534.05
972,534.95
971,535.7
970,536.24
969,536.76
968,537.24
967,537.76
966,538.24
965,538.76
964,539.3
963,540.05
962,541
961,542
960,543
959,543.95
958,544.7
957,545.24
956,545.76
955,546.24
954,546.76
953,547.3
952,548.05
951,548.95
950,549.7
949,550.24
948,550.76
947,551.24
946,551.76
945,552.3
944,553.05
943,553.95
942,554.7
941,555.3
940,556.05
939,556.95
938,557.7
937,558.24
936,558.76
935,559.24
934,559.76
933,560.3
932,561.05
931,562
930,563
929,563.95
928,564.7
927,565.24
926,565.76
925,566.24
924,566.76
923,567.3
922,568.05
921,568.95
920,569.7
919,570.3
918,571.05
917,572
916,573
915,574
914,575
913,576
912,577
911,577.95
910,578.7
909,579.3
908,580.05
907,580.95
906,581.7
905,582.24
904,582.76
903,583.19
902,583.4
901,583.3
900,583.41
899,584.05
898,585
897,585.95
896,586.65
895,587
894,587.35
893,588.05
892,588.95
891,589.7
890,590.3
889,591.05
888,592
887,592.95
886,593.7
885,594.3
884.05,595.05
883.3,596
882.7,596.95
881.95,597.7
881,598.3
880,599.05
879,599.95
878,600.7
877,601.3
876,602.05
875,603
874,603.95
873,604.7
872,605.24
871,605.76
870,606.3
869,607.05
868,608
867,609
866,609.95
865,610.7
864,611.3
863,612.05
862,613
861,613.95
860,614.7
859.05,615.3
858.3,616.05
857.7,616.95
856.95,617.7
856,618.3
855,619.05
854,620
853,620.95
852,621.7
851,622.3
850,623.05
849,623.95
848.05,624.7
847.3,625.3
846.7,626.05
845.95,627
845,628
844,629
843,630
842,630.95
841,631.7
840,632.24
839,632.65
838,632.7
837,632.6
836,632.76
835.05,632.95
834.35,633
835.3,633.35
835.7,634.05
835.89,635
835.65,636
835,637
834.3,638
833.81,639
833.54,640
833.4,641
833,642
832.71,643
833,644
833.29,645
833,646
832.65,647
832.81,648
833.3,649
834.05,650
834.95,651
835.59,652
835.59,652.95
835,653.7
834.41,654.3
834.3,655.05
834.35,656
834,657
833.6,658
833.46,659
833.19,660
832.81,661
832.54,662
832.4,663
831.89,664
831.11,665
830.71,666
831.11,667
832,668
832.89,669
833.29,670
832.89,671
832.11,672
831.71,673
832.11,674
833,675
834,676
834.89,677
835.35,678
835.3,679
835.3,680
835.46,681
835.49,682
835.51,683
835.49,684
835.51,685
835.49,686
835.51,687
835.6,688
836.05,689
836.59,690
836.7,691
836.54,692
836.46,693
836.3,694
836.35,695
836.7,696
836.95,697
837,698
836.95,699
836.7,700
836.35,701
836.3,702
836.35,703
835.89,704
835,705
834,706
833.11,707
832.65,708
832.81,709
833.24,710
833.76,711
834.24,712
834.7,713
834.95,714
835,715
835,716
835,717
834.95,718
834.7,719
834.24,720
833.81,721
833.54,722
833.46,723
833.19,724
832.81,725
832.54,726
832.51,727
832.49,728
832.46,729
832.19,730
831.81,731
831.54,732
831.51,733
831.49,734
831.46,735
831.24,736
831,737
830.76,738
830.54,739
830.46,740
830.19,741
829.76,742
829.24,743
828.76,744
828.24,745
827.76,746
827.24,747
826.81,748
826.54,749
826.51,750
826.54,751
826.7,752
826.65,753
826.24,754
825.76,755
825.3,756
825,757
824.7,758
824.24,759
823.76,760
823.24,761
822.81,762
822.54,763
822.4,764
821.89,765
821,766
820,767
819,768
818.11,769
817.6,770
817.46,771
817.24,772
817,773
816.76,774
816.54,775
816.46,776
816.19,777
815.7,778
814.95,779
814,780
813.11,781
812.6,782
812.4,783
811.95,784
811.35,785
811,786
810.65,787
810,788
809.35,789
809.05,790
808.95,791
808.65,792
807.95,793
807.05,794
806.3,795
805.7,796
804.95,797
804,798
803,799
802.11,800
801.6,801
801.46,802
801.19,803
800.76,804
800.24,805
799.76,806
799.24,807
798.7,808
797.95,809
797,810
796,811
795,812
794,813
793.11,814
792.6,815
792.51,816
792.54,817
792.7,818
792.59,819
791.95,820
791,821
790,822
789,823
788.05,824
787.3,825
786.76,826
786.24,827
785.76,828
785.24,829
784.7,830
783.95,831
783.05,832
782.3,833
781.7,834
780.95,835
780,836
779,837
778,838
777,839
776,840
775,841
774,842
773.11,843
772.71,844
773,845
773.29,846
772.89,847
772.05,848
771.3,849
770.76,850
770.24,851
769.7,852
768.95,853
768,854
767,854.95
766,855.7
765,856.24
764,856.76
763,857.3
762,858.05
761,859
760.05,860
759.3,861
758.7,861.95
757.95,862.7
757,863.3
756,864.05
755,865
754,866
753.05,867
752.3,868
751.7,869
750.95,870
750,870.95
749,871.7
748,872.24
747,872.76
746,873.3
745,874.05
744,875
743,876
742,876.95
741,877.7
740.05,878.3
739.3,879.05
738.7,879.95
737.95,880.7
737,881.24
736,881.76
735,882.3
734,883.05
733.05,884
732.3,885
731.81,886
731.54,887
731.51,888
731.49,889
731.4,890
730.89,890.95
730,891.7
729,892.3
728.05,893.05
727.3,894
726.76,895
726.3,896
726.11,897
726.24,898
726.4,899
726.19,900
725.76,901
725.24,902
724.81,903
724.54,904
724.51,905
724.49,906
724.51,907
724.49,908
724.46,909
724.19,910
723.76,911
723.24,912
722.7,913
721.95,914
721,914.95
720,915.7
719.11,916.3
718.6,917.05
718.46,918
718.19,919
717.76,920
717.24,921
716.76,922
716.24,923
715.76,924
715.24,925
714.7,926
713.95,927
713.05,928
712.3,929
711.81,930
711.54,931
711.4,932
710.89,933
710.11,934
709.6,935
709.46,936
709.19,937
708.76,938
708.24,939
707.76,940
707.24,941
706.7,942
705.95,943
705,943.95
704.05,944.65
703.35,944.95
703.7,946.35
703.3,947.05
703.05,948
702.95,949
702.65,950
701.95,950.95
701.11,951.7
700.6,952.3
700.46,953.05
700.24,954
700,955
699.65,956
698.95,957
698,958
697.05,959
696.3,960
695.7,961
694.95,962
694.05,963
693.3,964
692.81,965
692.54,966
692.4,967
691.89,968
691.05,969
690.3,970
689.81,971
689.6,972
689.7,973
689.65,974
689.24,975
688.76,976
688.24,977
687.7,978
687,979
686.3,980
685.7,981
684.95,982
684.05,983
683.3,984
682.76,985
682.24,986
681.76,987
681.24,988
680.76,989
680.24,990
679.76,991
679.24,992
678.7,993
677.95,994
677.05,995
676.3,996
675.76,997
675.24,998
674.76,999
674.24,1000
673.76,1001
673.24,1002
672.76,1003
672.35,1004
672.3,1005
672.4,1006
672.19,1007
671.76,1008
671.24,1009
670.76,1010
670.24,1011
669.7,1012
668.95,1013
668.05,1014
667.3,1015
666.76,1016
666.24,1017
665.76,1018
665.24,1019
664.76,1020
664.3,1021
664,1022
663.65,1023
662.95,1023.9
662,1024.7
661.11,1025.3
660.6,1026.1
660.46,1027
660.19,1028
659.76,1029
659.24,1030
658.81,1031
658.54,1032
658.4,1033
658,1034
657.6,1035
657.4,1036
656.95,1037
656.3,1038
655.76,1039
655.24,1040
654.76,1041
654.24,1042
653.76,1043
653.24,1044
652.76,1045
652.24,1046
651.76,1047
651.3,1048
651.05,1049
650.95,1050
650.76,1051
650.54,1052
650.46,1053
650.24,1054
650.11,1055
650.24,1056
650.35,1057
650,1058
649.65,1059
649.7,1060
649.59,1061
648.95,1062
648.05,1063
647.35,1064
647,1065
646.65,1066
646.05,1067
645.6,1068
645.4,1069
644.89,1070
644,1071
643.11,1072
642.71,1073
643,1074
643.29,1075
642.95,1076
642.3,1077
641.76,1078
641.24,1079
640.81,1080
640.54,1081
640.51,1082
640.49,1083
640.46,1084
640.19,1085
639.81,1086
639.6,1087
639.7,1088
639.59,1089
639,1090
638.3,1091
637.76,1092
637.24,1093
636.76,1094
636.24,1095
635.76,1096
635.24,1097
634.81,1098
634.54,1099
634.46,1100
634.19,1101
633.7,1102
632.95,1103
632.11,1104
631.6,1105
631.46,1106
631.3,1107
631.41,1108
631.95,1109
632.29,1110
632,1111
631.65,1112
631.7,1113
631.65,1114
631.24,1115
630.7,1116
630.05,1117
629.71,1118
630.11,1119
630.89,1120
631.29,1121
630.95,1122
630.3,1123
629.76,1124
629.24,1125
628.7,1126
627.95,1127
627.05,1128
626.41,1129
626.3,1130
626.35,1131
625.95,1132
625.3,1133
624.76,1134
624.24,1135
623.7,1136
622.95,1137
622,1138
621.11,1139
620.65,1140
620.7,1141
620.59,1142
619.95,1143
619.11,1144
618.6,1145
618.4,1146
617.95,1147
617.35,1148
617,1149
616.65,1150
615.95,1151
615,1152
614,1153
613,1154
612,1155
611,1156
610.05,1157
609.3,1158
608.7,1159
608.05,1160
607.65,1161
607.76,1162
607.95,1163
607.95,1164
607.7,1165
607.24,1166
606.7,1167
605.95,1168
605,1169
604,1170
603,1171
602,1172
601,1173
600,1174
599.11,1175
598.6,1176
598.51,1177
598.49,1178
598.4,1179
597.89,1180
597,1181
596,1182
595,1183
594.05,1184
593.3,1185
592.7,1186
592,1187
591.35,1188
591.05,1189
591.05,1190
591.3,1191
591.65,1192
591.7,1193
591.54,1194
591.51,1195
591.49,1196
591.51,1197
591.49,1198
591.46,1199
591.24,1200
591.05,1201
591,1202
591.05,1203
591.3,1204
591.65,1205
591.65,1206
591.35,1207
591.3,1208
591.35,1209
591,1210
590.6,1211
590.51,1212
590.6,1213
591,1214
591.4,1215
591.49,1216
591.46,1217
591.24,1218
591,1219
590.7,1220
590.24,1221
589.7,1222
589.05,1223
588.71,1224
589.05,1225
589.59,1226
589.59,1227
588.95,1228
588.11,1229
587.65,1230
587.76,1231
587.89,1232
587.76,1233
587.65,1234
588.05,1235
588.7,1236
589.24,1237
589.65,1238
589.7,1238.9
589.6,1239.7
589.7,1240.3
589.65,1241.1
589.24,1242
588.81,1243
588.54,1244
588.51,1245
588.54,1246
588.76,1247
588.89,1248
588.7,1249
588.3,1250
588.05,1251
587.95,1252
587.76,1253
587.65,1254
588,1255
588.4,1256
588.49,1257
588.51,1258
588.49,1259
588.4,1260
588,1261
587.71,1262
588,1263
588.35,1264
588.19,1265
587.7,1266
587.05,1267
586.6,1268
586.51,1269
586.6,1270
587,1271
587.4,1272
587.54,1273
587.7,1274
587.65,1275
587.24,1276
586.81,1277
586.54,1278
586.4,1279
586,1280
585.71,1281
586.05,1282
586.59,1283
586.7,1284
586.54,1285
586.51,1286
586.49,1287
586.51,1288
586.49,1289
586.46,1290
586.3,1291
586.3,1292
586.46,1293
586.49,1294
586.51,1295
586.49,1296
586.51,1297
586.54,1298
586.7,1299
586.65,1300
586.24,1301
585.81,1302
585.54,1303
585.51,1304
585.49,1305
585.51,1306
585.49,1307
585.51,1308
585.54,1309
585.76,1310
585.95,1311
586,1312
586,1313
585.95,1314
585.7,1315
585.35,1316
585.3,1317
585.35,1318
584.95,1319
584.35,1320
584,1321
583.76,1322
583.54,1323
583.51,1324
583.49,1325
583.51,1326
583.54,1327
583.76,1328
583.89,1329
583.76,1330
583.6,1331
583.7,1332
583.65,1333
583.35,1334
583.35,1335
583.65,1336
583.65,1337
583.35,1338
583.3,1339
583.46,1340
583.49,1341
583.4,1342
583,1343
582.6,1344
582.46,1345
582.3,1346
582.3,1347
582.46,1348
582.49,1349
582.51,1350
582.49,1350.9
582.46,1351.7
582.19,1352.3
581.81,1353.1
581.6,1354
581.76,1355
581.95,1356
582,1357
582,1358
581.95,1359
581.76,1360
581.54,1361
581.51,1362
581.54,1363
581.7,1364
581.7,1365
581.6,1366
581.76,1367
581.95,1368
582,1369
582,1370
581.95,1371
581.7,1372
581.24,1373
580.81,1374
580.65,1375
581,1376
581.4,1377
581.49,1378
581.51,1379
581.49,1380
581.4,1381
581,1382
580.71,1383
581.11,1384
582,1385
582.89,1386
583.4,1387
583.49,1388
583.51,1389
583.49,1390
583.51,1391
583.54,1392
583.7,1393
583.7,1394
583.6,1395
583.76,1396
583.89,1397
583.76,1398
583.54,1399
583.46,1400
583.3,1401
583.3,1402
583.4,1403
583.24,1404
583,1405
582.76,1406
582.65,1407
583.05,1408
583.7,1409
584.24,1410
584.76,1411
585.24,1412
585.76,1413
586.3,1414
587.05,1415
587.95,1416
588.65,1417
589,1418
589.3,1419
589.7,1420
589.89,1421
589.76,1422
589.6,1423
589.7,1424
589.7,1425
589.54,1426
589.51,1427
589.49,1428
589.51,1429
589.6,1430
590.05,1431
590.7,1432
591.24,1433
591.76,1434
592.3,1435
593.05,1436
594,1437
594.89,1438
595.4,1439
595.54,1440
595.81,1441
596.24,1442
596.76,1443
597.24,1444
597.7,1445
597.95,1445.9
598,1446.6
596.65,1448.1
596,1448.4
595.3,1449.1
594.81,1450
594.54,1451
594.4,1452
593.89,1453
593,1454
592,1455
591,1456
590.11,1457
589.6,1458
589.46,1459
589.24,1460
589.05,1461
589,1462
588.95,1463
588.65,1464
587.95,1465
587,1466
586,1467
585,1468
584.05,1469
583.3,1470
582.81,1471
582.54,1472
582.51,1473
582.49,1474
582.51,1475
582.54,1476
582.76,1477
582.95,1478
583.05,1479
583.24,1480
583.46,1481
583.49,1482
583.46,1483
583.24,1484
583.05,1485
582.95,1486
582.76,1487
582.54,1488
582.51,1489
582.49,1490
582.51,1491
582.54,1492
582.76,1493
582.95,1494
583,1495
583.05,1496
583.35,1497
584.05,1498
584.95,1499
585.7,1500
586.3,1501
587,1502
587.7,1503
588.3,1504
589.05,1505
589.95,1506
590.7,1507
591.3,1508
592.05,1508.9
593,1509.7
594,1510.2
595,1510.8
596,1511.3
596.95,1512.1
597.7,1513
598.3,1514
599.05,1515
600,1516
600.95,1517
601.7,1518
602.24,1519
602.65,1520
602.7,1521
602.6,1522
602.76,1523
603,1524
603.24,1525
603.46,1526
603.6,1527
604.05,1528
604.65,1529
605,1530
605.24,1531
605.46,1532
605.54,1533
605.81,1534
606.19,1535
606.46,1536
606.54,1537
606.76,1538
606.95,1539
607,1540
607,1541
607.05,1542
607.3,1543
607.76,1544
608.19,1545
608.46,1546
608.54,1547
608.81,1548
609.24,1549
609.65,1550
609.7,1551
609.65,1552
610.05,1553
610.59,1554
610.7,1555
610.54,1556
610.51,1557
610.6,1558
611.11,1559
611.89,1560
612.4,1561
612.54,1562
612.7,1563
612.7,1564
612.6,1565
612.76,1566
612.95,1567
613,1568
613.05,1569
613.24,1570
613.46,1571
613.49,1572
613.4,1573
613,1574
612.71,1575
613.11,1576
614,1577
615,1578
616,1579
617,1580
618,1581
618.95,1582
619.59,1583
619.7,1584
619.65,1585
620.05,1586
620.59,1587
620.7,1588
620.6,1589
620.76,1590
620.89,1591
620.76,1592
620.65,1593
621.11,1594
621.89,1595
622.4,1596
622.49,1597
622.51,1598
622.49,1599
622.51,1600
622.6,1601
623.11,1602
624,1602.9
624.95,1603.7
625.65,1604.3
625.95,1605.1
626,1606
626.05,1607
626.35,1607.9
626.95,1608.7
627.4,1609.3
627.6,1610.1
628.11,1611
628.89,1612
629.35,1613
629.24,1614
629.05,1615
629.05,1616
629.3,1617
629.7,1618
630,1619
630.3,1620
630.76,1621
631.19,1622
631.35,1623
631,1624
630.71,1625
631.11,1626
632,1627
632.95,1628
633.59,1629
633.7,1630
633.65,1631
634.11,1632
634.89,1633
635.4,1634
635.6,1635
636.05,1636
636.7,1637
637.24,1638
637.76,1639
638.3,1640
638.95,1641
639.4,1642
639.6,1643
640,1644
640.4,1645
640.54,1646
640.81,1647
641.24,1648
641.65,1649
641.7,1650
641.65,1651
642.05,1652
642.7,1653
643.24,1654
643.76,1655
644.24,1656
644.76,1657
645.19,1658
645.46,1659
645.54,1660
645.76,1661
645.95,1662
646.05,1663
646.35,1664
647,1665
647.65,1666
648,1667
648.3,1668
648.76,1669
649.3,1670
650,1671
650.65,1672
651,1673
651.3,1674
651.76,1675
652.24,1676
652.76,1677
653.3,1678
654.05,1679
655,1680
655.95,1681
656.59,1682
656.7,1683
656.65,1684
657,1685
657.4,1686
657.54,1687
657.76,1688
658,1689
658.24,1690
658.46,1691
658.49,1692
658.51,1693
658.6,1694
659.11,1695
659.89,1696
660.4,1697
660.6,1698
661.11,1699
662,1700
662.95,1701
663.7,1702
664.24,1703
664.76,1704
665.3,1705
665.95,1706
666.4,1707
666.6,1708
667.05,1709
667.7,1709.9
668.3,1710.7
669.05,1711.3
669.95,1712.1
670.7,1713
671.24,1714
671.76,1715
672.3,1716
673.05,1717
674,1718
674.95,1719
675.7,1720
676.3,1721
677,1722
677.7,1722.9
678.3,1723.7
679.05,1724.3
680,1725.1
681,1726
681.89,1727
682.4,1728
682.49,1729
682.51,1730
682.6,1731
683.05,1732
683.65,1733
683.95,1734
684,1735
684.05,1736
684.3,1737
684.76,1738
685.3,1739
686,1740
686.7,1741
687.3,1742
688.05,1743
689,1744
689.89,1745
690.35,1746
690.19,1747
689.81,1748
689.65,1749
690.11,1750
691,1751
691.95,1752
692.65,1753
693,1754
693.3,1755
693.76,1756
694.24,1757
694.76,1758
695.24,1759
695.76,1760
696.3,1761
697.05,1762
697.95,1763
698.59,1764
698.7,1765
698.65,1766
699.11,1767
700,1768
700.89,1769
701.4,1770
701.6,1771
702.11,1772
702.95,1773
703.7,1774
704.3,1775
705,1776
705.7,1777
706.24,1778
706.65,1779
706.7,1780
706.65,1781
707.11,1782
708,1783
708.95,1784
709.7,1785
710.3,1786
711.05,1787
711.95,1788
712.7,1789
713.3,1790
714.05,1791
714.95,1792
715.7,1793
716.19,1794
716.4,1795
716.24,1796
716.05,1797
716.05,1798
716.35,1799
717.05,1800
717.95,1801
718.7,1802
719.3,1803
720.05,1804
721,1805
721.95,1806
722.7,1807
723.3,1807.9
724.05,1808.7
725,1809.3
726,1810.1
726.95,1811
727.7,1812
728.24,1813
728.76,1814
729.24,1815
729.76,1816
730.3,1817
731.05,1818
732,1819
733,1820
734,1821
735,1822
736,1823
737,1824
738,1825
739,1826
739.95,1827
740.65,1828
741,1829
741.35,1830
742.05,1831
743,1832
744,1832.9
745,1833.3
746,1832.9
746.95,1832.1
747.65,1831.4
749.24,1832.4
749.46,1833.1
749.49,1834
749.4,1835
748.89,1836
748,1837
747.11,1838
746.6,1839
746.46,1840
746.3,1841
746.41,1842
747.05,1843
748,1844
748.95,1845
749.7,1846
750.24,1847
750.76,1847.9
751.3,1848.7
752.05,1849.3
752.95,1850.1
753.7,1851
754.3,1852
755.05,1853
756,1854
757,1855
757.95,1856
758.7,1857
759.3,1858
760,1859
760.7,1860
761.3,1861
762.05,1862
763,1863
764,1864
764.95,1865
765.7,1866
766.3,1867
767.05,1868
767.95,1869
768.7,1870
769.3,1871
770.05,1872
770.95,1873
771.65,1874
771.95,1875
772.05,1875.9
772.35,1876.7
773.05,1877.3
774,1878.1
775,1879
776,1879.9
777,1880.7
778,1881.3
778.95,1882.1
779.7,1883
780.3,1884
781.05,1885
782,1885.9
783,1886.7
784,1887.3
785,1888.1
786,1889
787,1890
788,1891
789,1892
790,1893
791,1894
792,1895
793,1896
793.95,1897
794.7,1898
795.3,1899
796.05,1900
797,1901
797.95,1902
798.7,1903
799.3,1904
800.05,1905
801,1906
802,1907
802.95,1908
803.7,1909
804.3,1910
805,1911
805.7,1911.9
806.3,1912.7
807.05,1913.2
808,1913.8
809,1914.3
810,1915.1
811,1916
812,1917
813,1918
814,1919
815,1920
815.95,1921
816.7,1922
817.3,1923
818,1924
818.7,1925
819.24,1926
819.76,1927
820.3,1928
821.05,1929
821.95,1930
822.7,1931
823.3,1931.9
824.05,1932.7
825,1933.3
826,1934.1
826.95,1935
827.7,1936
828.3,1937
829,1938
829.7,1939
830.3,1940
831.05,1940.9
832,1941.7
833,1942.3
834,1943.1
835,1943.9
836,1944.7
837,1945.3
838,1946.1
839,1947
840,1948
840.95,1949
841.7,1950
842.3,1950.9
843.05,1951.7
844,1952.3
845,1953.1
846,1954
847,1955
848,1956
849,1957
850,1958
851,1959
852,1960
853,1961
854,1962
855,1963
856,1964
856.95,1965
857.7,1966
858.3,1966.9
859.05,1967.4
860,1967.5
861,1967.4
862,1966.9
863,1966.1
864,1965.4
865,1965.1
866,1965.4
867,1966
868,1966.6
869,1966.7
870,1966.6
871,1966.8
872,1967
873,1967.4
874,1968
875,1968.7
876,1969.3
877,1970.1
878,1971
879,1972
880,1973
881,1973.9
881.95,1974.6
882.65,1974.9
884.35,1976.4
885.05,1977.1
886,1978
886.95,1979
887.7,1980
888.3,1981
889,1982
889.7,1983
890.24,1984
890.76,1985
891.3,1986
892.05,1987
893,1987.9
894,1988.7
895,1989.3
896,1990
897,1990.7
898,1991.3
899,1992.1
900,1993
901,1994
901.95,1995
902.7,1996
903.24,1997
903.76,1998
904.3,1998.9
905.05,1999.7
906,2000.3
907,2001.1
908,2001.9
909,2002.7
910,2003.3
911,2004.1
912,2004.9
913,2005.7
914,2006.3
915,2007.1
916,2007.9
917,2008.4
918,2008.5
919,2008.5
920,2008.5
921,2008.5
921.95,2008.6
922.7,2009.1
923.3,2010
924.05,2011
925,2012
925.95,2013
926.7,2014
927.24,2015
927.76,2016
928.3,2017
929.05,2018
930,2019
931,2020
932,2020.9
933,2021.3
934,2021.3
935,2021.4
936,2021.9
937,2022.3
938,2022.3
939,2022.4
940,2023.1
941,2024
942,2025
943,2026
944,2027
945,2028
946,2028.9
947,2029.4
948,2029.5
949,2029.8
950,2030.2
951,2030.8
951.95,2031.3
952.7,2032.1
953.3,2033
954.05,2034
955,2035
956,2036
957,2036.9
958,2037.4
959,2037.6
960,2038
961,2038.4
962,2038.6
963,2039.1
964,2039.7
965,2040.3
966,2041.1
967,2042
968,2043
969,2044
970,2044.9
971,2045.6
972,2046
973,2046.4
974,2047
975,2047.7
976,2048.3
977,2049.1
978,2049.9
979,2050.6
980,2050.9
980.95,2051.1
981.7,2051.4
982.3,2052
983.05,2052.7
984,2053.2
985,2053.8
986,2054.2
987,2054.5
988,2054.6
989,2055.1
990,2055.9
991,2056.4
992,2056.6
993,2057.1
994,2057.9
995,2058.4
996,2058.6
997,2059.1
998,2060
999,2061
1000,2061.9
1001,2062.6
1001.9,2062.6
1002.6,2062
1002.9,2061.4
1004.4,2061.6
1005.1,2060.9
1006,2060.1
1006.9,2059.7
1007.7,2060.1
1008.3,2061
1009.1,2062
1009.9,2063
1010.7,2064
1011.3,2065
1012.1,2066
1013,2066.9
1014,2067.4
1015,2067.6
1016,2068.1
1017,2069
1018,2070
1018.9,2071
1019.7,2072
1020.3,2072.9
1021.1,2073.6
1021.9,2074
1022.7,2074.4
1023.3,2075
1024.1,2075.7
1025,2076.2
1026,2076.8
1027,2077.3
1028,2078.1
1029,2078.9
1030,2079.6
1031,2079.7
1032,2079.5
1033,2079.5
1034,2079.6
1034.9,2080.1
1035.7,2081
1036.3,2082
1037.1,2082.9
1038,2083.7
1039,2084.2
1040,2084.8
1041,2085.3
1042,2085.9
1043,2086.4
1043.9,2086.6
1044.7,2087.1
1045.3,2088
1046.1,2089
1047,2089.9
1048,2090.7
1049,2091.3
1049.9,2092.1
1050.7,2093
1051.3,2093.9
1052.1,2094.3
1053,2093.9
1054,2093.4
1055,2093.1
1056,2093.4
1057,2094
1058,2094.7
1059,2095.2
1060,2095.8
1061,2096.2
1062,2096.8
1063,2097.2
1064,2097.8
1065,2098.2
1066,2098.6
1067,2098.6
1068,2098.3
1069,2098.1
1070,2098.1
1071,2098.4
1072,2099.1
1073,2099.9
1074,2100.4
1075,2100.6
1076,2101.1
1077,2101.9
1078,2102.7
1079,2103.2
1080,2103.6
1081,2103.7
1082,2103.5
1083,2103.5
1084,2103.6
1085,2104.1
1086,2105
1087,2106
1088,2106.9
1089,2107.7
1090,2108.2
1091,2108.5
1092,2108.6
1093,2109.1
1094,2109.9
1094.9,2110.4
1095.7,2110.6
1096.3,2111.1
1097.1,2111.6
1098,2112
1099,2112.3
1100,2112.8
1101,2113.3
1101.9,2114.1
1102.7,2114.9
1103.3,2115.6
1104.1,2116
1105,2116.4
1106,2117.1
1107,2118
1108,2118.9
1109,2119.7
1110,2120.2
1111,2120.3
1112,2119.9
1113,2119.4
1114,2119.4
1115,2120.1
1116,2120.9
1117,2121.4
1118,2121.5
1119,2121.8
1120,2122.2
1121,2122.8
1122,2123.2
1123,2123.5
1124,2123.5
1125,2123.8
1126,2123.9
1127,2124.1
1128,2124.3
1129,2124.6
1130,2124.7
1131,2124.7
1132,2125.1
1133,2126
1134,2126.9
1135,2127.4
1136,2127.5
1137,2127.5
1138,2127.5
1139,2127.5
1140,2127.5
1141,2127.5
1142,2127.5
1143,2127.5
1144,2127.6
1145,2128.1
1146,2129
1147,2129.9
1148,2130.4
1149,2130.5
1150,2130.5
1151,2130.6
1152,2131
1153,2131.4
1154,2131.5
1155,2131.8
1156,2132.2
1157,2132.8
1158,2133.2
1159,2133.8
1160,2134.3
1161,2135.1
1162,2135.9
1163,2136.4
1164,2136.5
1165,2136.5
1166,2136.5
1167,2136.5
1168,2136.6
1169,2137.1
1170,2137.9
1171,2138.7
1172,2139.3
1173,2140.1
1174,2140.9
1175,2141.7
1176,2142.2
1177,2142.4
1178,2142.2
1179,2141.8
1180,2141.5
1181,2141.5
1182,2141.6
1183,2142.1
1184,2143
1185,2144
1186,2144.9
1187,2145.3
1188,2144.9
1189,2144.3
1190,2143.8
1191,2143.4
1192,2143.4
1193,2144.1
1194,2144.9
1195,2145.6
1196,2145.6
1197,2145.4
1198,2145.4
1199,2145.9
1200,2146.4
1201,2146.5
1202,2146.5
1203,2146.3
1204,2146.3
1205,2146.3
1206,2145.9
1207,2145.4
1208,2145.3
1209,2145.5
1210,2145.5
1211,2145.4
1212,2144.9
1213,2144.1
1214,2143.7
1215,2143.8
1216,2144.3
1217,2145.1
1218,2145.9
1219,2146.3
1220,2146
1221,2145.6
1222,2145.5
1223,2145.5
1224,2145.4
1225,2145
1226,2144.7
1227,2144.7
1228,2144.6
1229,2144.1
1230,2143.6
1231,2143.5
1232,2143.3
1233,2143.4
1234,2143.6
1235,2143.7
1236,2143.7
1237,2144.1
1238,2144.9
1239,2145.4
1240,2145.6
1241,2146.1
1242,2146.6
1243,2147
1244,2147.4
1245,2148.1
1246,2148.9
1247,2149.3
1248,2149.3
1249,2149.3
1250,2149.5
1251,2149.6
1252,2150.1
1253,2150.7
1254,2151.3
1255,2152.1
1256,2152.9
1257,2153.7
1258,2154.2
1259,2154.5
1260,2154.5
1261,2154.8
1262,2155.2
1263,2155.5
1264,2155.6
1265,2156
1266,2156.3
1267,2155.9
1268,2155.1
1269,2154.4
1270,2154.4
1271,2154.9
1272,2155.3
1273,2155.2
1274,2154.8
1275,2154.6
1276,2154.8
1277,2155.3
1278,2155.9
1279,2156.3
1280,2156
1281,2155.7
1282,2156.1
1283,2157
1284,2158
1285,2159
1286,2160
1287,2161
1288,2162
1289,2163
1290,2163.9
1290.9,2164.4
1291.6,2164.5
1291.9,2164.8
1293.4,2165.3
1294.1,2165.8
1295,2166.3
1296,2167.1
1297,2168
1298,2169
1299,2170
1300,2171
1301,2172
1302,2172.9
1303,2173.3
1304,2173
1305,2172.7
1306,2173.1
1307,2174
1308,2175
1309,2175.9
1310,2176.4
1311,2176.5
1312,2176.8
1313,2177.2
1314,2177.5
1315,2177.6
1316,2178.1
1317,2178.9
1318,2179.7
1319,2180.3
1320,2181.1
1321,2182
1322,2183
1323,2183.9
1324,2184.7
1325,2185.2
1326,2185.3
1327,2185
1328,2184.7
1329,2185
1330,2185.3
1331,2184.9
1332,2184
1333,2183.1
1334,2182.7
1335,2183
1336,2183.3
1337,2182.9
1338,2182.1
1339,2181.7
1340,2181.8
1341,2182.2
1342,2182.3
1343,2181.9
1344,2181.3
1345,2180.8
1346,2180.7
1347,2181.1
1348,2181.9
1349,2182.4
1350,2182.5
1351,2182.4
1352,2182
1353,2181.6
1354,2181.4
1355,2180.9
1356,2180.1
1357,2179.6
1358,2179.4
1359,2178.9
1360,2178.4
1361,2178.1
1362,2178.2
1363,2178.3
1364,2177.9
1365,2177
1366,2176
1367,2175.1
1368,2174.4
1369,2174.1
1370,2173.9
1371,2173.8
1372,2173.7
1373,2174.1
1374,2174.6
1375,2174.6
1376,2174.2
1377,2173.7
1378,2172.9
1379,2172.1
1380,2171.7
1381,2172
1382,2172.3
1383,2171.9
1384,2171.3
1385,2170.8
1386,2170.4
1387,2170.4
1388,2170.8
1389,2171.2
1390,2171.6
1391,2171.6
1392,2171.2
1393,2170.8
1394,2170.4
1395,2170.3
1396,2170.3
1397,2169.9
1398,2169.3
1399,2168.8
1400,2168.5
1401,2168.4
1402,2167.9
1403,2167.1
1404,2166.3
1405,2165.8
1406,2165.2
1407,2164.7
1408,2164.1
1409,2163.7
1410,2164
1411,2164.3
1412,2163.9
1413,2163.3
1414,2162.8
1415,2162.5
1416,2162.5
1417,2162.2
1418,2161.7
1419,2160.9
1420,2160
1421,2159.1
1422,2158.7
1423,2159.1
1424,2159.9
1425,2160.3
1426,2160.2
1427,2160
1428,2159.7
1429,2159.4
1430,2159.4
1431,2159.8
1432,2160.3
1433,2160.9
1434,2161.3
1435,2161.2
1436,2160.7
1437,2160.1
1438,2159.7
1439,2159.8
1440,2160.3
1441,2161.1
1442,2161.9
1443,2162.7
1444,2163.2
1445,2163.8
1446,2164.2
1447,2164.8
1448,2165.2
1449,2165.8
1450,2166.2
1451,2166.8
1452,2167.2
1453,2167.7
1454,2168
1455,2168.4
1456,2168.9
1457,2169.3
1458,2169
1459,2168.7
1460,2169
1461,2169.3
1461.9,2169.2
1462.6,2169.1
1464.4,2167.8
1465.1,2167.7
1466,2168.1
1467,2168.9
1468,2169.3
1469,2168.9
1470,2168
1471,2167
1471.9,2166
1472.7,2165.1
1473.3,2164.4
1474.1,2164
1475,2163.8
1476,2163.5
1477,2163.5
1478,2163.2
1479,2162.8
1480,2162.2
1481,2161.8
1482,2161.2
1483,2160.8
1484,2160.7
1485,2161
1486,2161.4
1487,2161.5
1488,2161.5
1489,2161.5
1490,2161.8
1491,2161.9
1492,2161.8
1493,2161.5
1494,2161.5
1495,2161.5
1496,2161.5
1497,2161.5
1498,2161.5
1499,2161.6
1500,2162.1
1501,2162.9
1502,2163.7
1503,2164.2
1504,2164.3
1505,2163.9
1506,2163.4
1507,2163.4
1508,2163.6
1509,2163.6
1510,2163.4
1511,2163.4
1512,2163.9
1513,2164.4
1514,2164.5
1515,2164.5
1516,2164.2
1517,2163.8
1518,2163.2
1519,2162.8
1520,2162.3
1521,2162.1
1522,2161.9
1523,2161.8
1524,2161.6
1525,2161.8
1526,2161.9
1527,2162
1528,2161.9
1529,2161.8
1530,2161.6
1531,2161.7
1532,2161.6
1533,2160.9
1534,2160
1535,2159.1
1536,2158.3
1537,2157.7
1538,2157.1
1539,2156.7
1540,2157.1
1541,2157.9
1542,2158.6
1543,2159
1544,2159.2
1545,2159.5
1546,2159.6
1547,2160.1
1548,2161
1549,2161.9
1550,2162.3
1551,2161.9
1552,2161.4
1553,2161.4
1553.9,2162.1
1554.7,2163
1555.3,2163.9
1556.1,2164.4
1557,2164.6
1558,2165
1559,2165.3
1560,2164.9
1561,2164.4
1562,2164
1563,2163.7
1564,2163.4
1565,2163.4
1566,2164
1567,2164.7
1568,2165.3
1569,2165.9
1570,2166.3
1571,2166.3
1572,2166.4
1573,2166.8
1574,2167.2
1575,2167.8
1576,2168.2
1577,2168.6
1578,2168.6
1579,2168.2
1580,2167.7
1581,2166.9
1582,2166.1
1583,2165.3
1584,2164.8
1585,2164.5
1586,2164.5
1587,2164.6
1588,2165
1589,2165.4
1590,2165.5
1591,2165.4
1592,2164.9
1593,2164.4
1594,2164.1
1595,2164.1
1596,2164.2
1597,2164.3
1598,2163.9
1599,2163.3
1600,2162.8
1601,2162.7
1602,2163.1
1603,2163.7
1604,2164.2
1605,2164.8
1606,2165.3
1607,2166.1
1608,2167
1609,2168
1610,2169
1611,2169.9
1612,2170.3
1613,2170.3
1614,2170.4
1615,2170.8
1616,2171.2
1617,2171.7
1618,2172
1619,2172.2
1620,2172.5
1621,2172.5
1622,2172.5
1623,2172.5
1624,2172.8
1625,2173.3
1626,2173.9
1627,2174.3
1628,2174
1629,2173.7
1630,2174.1
1631,2174.6
1632,2174.6
1633,2173.9
1634,2173.1
1635,2172.7
1636,2173
1637,2173.4
1638,2173.6
1639,2174.1
1640,2175
1641,2176
1642,2176.9
1643,2177.3
1644,2176.9
1645,2176.4
1646,2176.1
1647,2176.1
1648,2176.2
1649,2176.4
1650,2176.2
1651,2175.8
1652,2175.5
1653,2175.5
1654,2175.2
1655,2174.8
1656,2174.5
1657,2174.5
1658,2174.3
1659,2174.3
1660,2174.4
1661,2174.2
1662,2174
1663,2173.8
1664,2173.5
1665,2173.5
1666,2173.2
1667,2173.1
1668,2173.4
1669,2173.9
1670,2174.3
1671,2173.9
1671.9,2173
1672.7,2172
1673.3,2171.1
1674.1,2170.6
1675,2170.5
1676,2170.3
1677,2170.4
1678,2171
1679,2171.6
1680,2171.6
1681,2171.2
1682,2170.7
1683,2169.9
1684,2169.1
1685,2168.4
1686,2168.3
1687,2168.5
1688,2168.6
1689,2169
1690,2169.3
1691,2169.2
1692,2168.7
1693,2168.1
1694,2167.7
1695,2167.8
1696,2168
1697,2168.4
1698,2169.1
1699,2169.9
1700,2170.6
1701,2170.9
1702,2171.1
1703,2171.2
1704,2171.3
1705,2170.9
1705.9,2170
1706.7,2169
1707.3,2168.1
1708.1,2167.7
1709,2167.8
1710,2168.3
1711,2169.1
1712,2169.9
1713,2170.7
1714,2171.3
1714.9,2172
1715.6,2172.6
1717.4,2173.6
1718.1,2172.9
1719,2172
1720,2171
1721,2170
1722,2169
1723,2168
1724,2167.1
1725,2166.6
1726,2166.5
1727,2166.2
1728,2165.8
1729,2165.2
1730,2164.7
1731,2163.9
1732,2163
1733,2162
1734,2161
1735,2160
1736,2159
1737,2158
1738,2157
1739,2156
1740,2155
1741,2154.1
1742,2153.6
1742.9,2153.4
1743.7,2152.9
1744.3,2152
1745.1,2151
1746,2150
1747,2149
1748,2148.1
1749,2147.3
1750,2146.8
1751,2146.3
1752,2146
1753,2145.7
1754,2145.2
1755,2144.7
1756,2144
1757,2143.3
1758,2142.7
1759,2142.1
1760,2141.6
1761,2141.5
1762,2141.2
1763,2140.7
1764,2139.9
1765,2139.1
1766,2138.6
1767,2138.4
1768,2137.9
1769,2137.1
1770,2136.3
1771,2135.8
1772,2135.2
1773,2134.8
1774,2134.3
1775,2134.1
1776,2133.9
1777,2133.7
1778,2133.2
1779,2132.7
1780,2131.9
1781,2131.1
1782,2130.3
1783,2129.8
1784,2129.2
1785,2128.8
1786,2128.2
1787,2127.8
1788,2127.3
1789,2127
1790,2126.6
1791,2126
1792,2125.3
1793,2124.8
1794,2124.3
1795,2124.1
1796,2123.9
1797,2123.6
1798,2122.9
1799,2122.1
1800,2121.6
1801,2121.4
1802,2120.9
1803,2120.1
1804,2119.3
1805,2118.8
1806,2118.2
1807,2117.8
1808,2117.2
1809,2116.8
1810,2116.3
1811,2116
1812,2115.6
1813,2115
1814,2114.3
1815,2113.7
1816,2112.9
1817,2112
1818,2111
1819,2110
1820,2109
1821,2108
1822,2107
1823,2106
1824,2105
1825,2104
1826,2103
1827,2102
1828,2101
1829,2100
1830,2099.1
1831,2098.3
1831.9,2097.7
1832.7,2096.9
1833.3,2096.1
1834.1,2095.3
1835,2094.8
1836,2094.2
1836.9,2093.7
1837.7,2093
1838.3,2092.3
1839.1,2091.7
1840,2090.9
1841,2090
1842,2089
1843,2088.1
1844,2087.3
1845,2086.8
1846,2086.2
1847,2085.7
1848,2084.9
1849,2084
1850,2083
1850.9,2082
1851.7,2081
1852.3,2080.1
1853.1,2079.3
1854,2078.8
1855,2078.2
1856,2077.7
1857,2076.9
1858,2076
1859,2075
1859.9,2074
1860.7,2073.1
1861.3,2072.3
1862.1,2071.7
1863,2070.9
1864,2070.1
1865,2069.3
1866,2068.7
1867,2067.9
1868,2067
1869,2066
1870,2065
1871,2064
1871.9,2063
1872.7,2062
1873.3,2061
1874.1,2060
1875,2059.1
1876,2058.3
1877,2057.7
1878,2056.9
1879,2056.1
1880,2055.3
1881,2054.8
1882,2054.2
1883,2053.7
1884,2053
1885,2052.3
1886,2051.7
1887,2050.9
1888,2050
1889,2049.1
1890,2048.3
1891,2047.7
1892,2047
1893,2046.3
1894,2045.8
1895,2045.2
1896,2044.8
1897,2044.2
1898,2043.7
1899,2042.9
1900,2042
1901,2041
1902,2040.1
1903,2039.6
1904,2039.4
1905,2038.9
1906,2038.1
1907,2037.6
1908,2037.4
1909,2036.9
1910,2036
1911,2035
1912,2034.1
1913,2033.6
1914,2033.4
1915,2032.9
1916,2032
1917,2031
1918,2030.1
1919,2029.6
1920,2029.5
1921,2029.2
1922,2029.1
1923,2029
1924,2028.9
1925,2028.7
1926,2028.4
1927,2028.3
1928,2028.4
1929,2028.2
1930,2027.8
1931,2027.2
1932,2026.7
1933,2025.9
1934,2025
1935,2024.1
1936,2023.6
1937,2023.4
1938,2022.9
1939,2022
1940,2021
1941,2020
1942,2019.1
1943,2018.3
1944,2017.8
1945,2017.2
1946,2016.7
1947,2015.9
1948,2015.1
1949,2014.6
1950,2014.4
1950.9,2013.9
1951.7,2013.1
1952.3,2012.3
1953.1,2011.7
1954,2010.9
1955,2010
1956,2009
1957,2008
1958,2007
1958.9,2006
1959.7,2005
1960.3,2004
1961.1,2003
1962,2002
1963,2001.1
1964,2000.3
1965,1999.7
1966,1998.9
1967,1998
1968,1997
1969,1996.1
1970,1995.3
1971,1994.7
1972,1993.9
1973,1993
1974,1992
1975,1991.1
1975.9,1990.6
1976.7,1990.4
1977.3,1989.9
1978.1,1989
1979,1988
1980,1987
1981,1986
1982,1985
1983,1984
1984,1983
1985,1982.1
1986,1981.3
1987,1980.8
1988,1980.2
1989,1979.7
1990,1978.9
1990.9,1978
1991.7,1977
1992.3,1976
1993.1,1975.1
1994,1974.3
1995,1973.7
1996,1972.9
1997,1972.1
1998,1971.3
1999,1970.7
2000,1969.9
2001,1969
2002,1968
2003,1967.1
2004,1966.3
2005,1965.7
2006,1964.9
2007,1964.1
2008,1963.3
2009,1962.8
2010,1962.2
2011,1961.8
2012,1961.2
2013,1960.7
2014,1959.9
2015,1959
2016,1958
2016.9,1957
2017.7,1956
2018.3,1955
2019.1,1954
2020,1953
2021,1952
2022,1951
2023,1950
2024,1949
2025,1948
2026,1947
2026.9,1946
2027.7,1945
2028.3,1944
2029.1,1943
2030,1942.1
2031,1941.3
2032,1940.7
2033,1939.9
2034,1939
2035,1938
2036,1937
2037,1936
2037.9,1935
2038.7,1934.1
2039.3,1933.3
2040.1,1932.7
2041,1931.9
2042,1931
2043,1930
2044,1929
2045,1928.1
2046,1927.3
2047,1926.7
2048,1925.9
2049,1925
2050,1924
2051,1923
2052,1922.1
2053,1921.3
2054,1920.7
2054.9,1919.9
2055.7,1919.1
2056.3,1918.3
2057.1,1917.7
2058,1916.9
2059,1916.1
2060,1915.3
2061,1914.7
2062,1914
2063,1913.4
2064,1913
2065,1912.8
2066,1912.5
2067,1912.4
2068,1911.9
2069,1911
2070,1910
2071,1909
2071.9,1908
2072.7,1907
2073.3,1906.1
2074.1,1905.6
2075,1905.4
2076,1904.9
2077,1904
2078,1903
2079,1902
2080,1901.1
2081,1900.7
2082,1900.7
2083,1900.6
2084,1899.9
2084.9,1899
2085.7,1898
2086.2,1897
2086.8,1896
2087.3,1895
2088.1,1894
2089,1893
2090,1892.1
2091,1891.3
2092,1890.7
2093,1889.9
2093.9,1889
2094.7,1888
2095.3,1887
2096.1,1886
2097,1885
2098,1884
2099,1883
2100,1882
2101,1881
2102,1880.1
2103,1879.3
2104,1878.8
2105,1878.2
2106,1877.8
2107,1877.2
2108,1876.8
2109,1876.2
2110,1875.8
2111,1875.2
2112,1874.7
2113,1873.9
2114,1873
2115,1872
2116,1871
2117,1870
2118,1869
2119,1868
2120,1867
2121,1866
2122,1865.1
2123,1864.3
2124,1863.7
2125,1862.9
2126,1862
2127,1861
2128,1860
2129,1859
2130,1858
2131,1857.1
2132,1856.3
2133,1855.7
2134,1854.9
2135,1854.1
2136,1853.3
2137,1852.7
2138,1851.9
2139,1851.1
2140,1850.4
2141,1850.1
2142,1850.3
2143,1850.6
2144,1850.6
2145,1849.9
2146,1849
2147,1848.1
2148,1847.6
2149,1847.5
2150,1847.2
2151,1846.8
2152,1846.2
2152.9,1845.7
2153.7,1844.9
2154.3,1844
2155.1,1843.1
2156,1842.3
2157,1841.8
2158,1841.2
2159,1840.8
2160,1840.2
2161,1839.8
2162,1839.2
2163,1838.8
2164,1838.2
2165,1837.7
2166,1836.9
2167,1836
2168,1835
2169,1834
2170,1833.1
2171,1832.3
2172,1831.8
2173,1831.2
2174,1830.8
2175,1830.2
2176,1829.7
2177,1828.9
2178,1828
2179,1827
2180,1826
2181,1825
2182,1824
2183,1823
2184,1822
2185,1821.1
2186,1820.6
2187,1820.5
2188,1820.2
2189,1819.7
2190,1818.9
2191,1818
2192,1817
2193,1816
2194,1815
2195,1814
2195.9,1813
2196.7,1812
2197.3,1811
2198.1,1810
2198.9,1809
2199.7,1808
2200.3,1807.1
2201.1,1806.3
2202,1805.8
2203,1805.2
2204,1804.8
2205,1804.2
2206,1803.8
2207,1803.2
2208,1802.8
2209,1802.2
2210,1801.7
2211,1800.9
2212,1800.1
2213,1799.3
2214,1798.8
2215,1798.5
2216,1798.5
2217,1798.2
2218,1797.8
2218.9,1797.7
2219.7,1798.1
2220.2,1798.9
2220.7,1799.6
2222.4,1798.6
2223,1797.9
2223.7,1797
2224.2,1796
2224.8,1795
2225.2,1794
2225.8,1793
2226.3,1792
2227.1,1791
2228,1790
2229,1789
2230,1788
2231,1787
2231.9,1786
2232.7,1785.1
2233.3,1784.3
2234.1,1783.7
2235,1782.9
2236,1782.1
2237,1781.3
2238,1780.7
2239,1779.9
2240,1779
2241,1778
2242,1777
2243,1776
2244,1775.1
2245,1774.3
2246,1773.7
2247,1772.9
2248,1772
2249,1771
2250,1770
2251,1769
2252,1768
2253,1767
2253.9,1766
2254.7,1765
2255.3,1764.1
2256.1,1763.3
2257,1762.7
2258,1761.9
2259,1761
2260,1760
2261,1759
2262,1758
2263,1757
2263.9,1756
2264.6,1755
2265,1754
2265.4,1753
2266,1752
2266.7,1751
2267.3,1750
2268,1749
2268.7,1748
2269.2,1747
2269.8,1746
2270.2,1745
2270.8,1744
2271.3,1743
2272.1,1742
2272.9,1741
2273.7,1740
2274.3,1739
2275.1,1738
2275.9,1737
2276.3,1736
2276.3,1735
2276.4,1734
2277.1,1733
2278,1732
2278.9,1731
2279.7,1730
2280.3,1729
2281.1,1728
2282,1727
2283,1726
2284,1725
2285,1724
2286,1723
2287,1722
2288,1721
2288.9,1720
2289.3,1719
2289.2,1718
2289.1,1717
2289.2,1716
2289.5,1715
2289.6,1714
2290.1,1713
2291,1712
2291.9,1711
2292.7,1710
2293.2,1709
2293.8,1708
2294.2,1707
2294.6,1706
2294.6,1705
2293.9,1704
2293,1703
2292.1,1702
2291.4,1701
2291.1,1700
2291.4,1699
2292.1,1698
2292.9,1697
2293.4,1696
2293.6,1695
2294,1694
2294.4,1693
2294.6,1692
2295.1,1691
2296,1690
2296.9,1689
2297.4,1688
2297.6,1687
2298.1,1686
2298.9,1685
2299.4,1684
2299.5,1683
2299.8,1682
2300.3,1681
2301.1,1680
2301.9,1679
2302.4,1678
2302.6,1677
2303.1,1676
2303.9,1675
2304.4,1674
2304.5,1673
2304.8,1672
2305.2,1671
2305.4,1670
2305.2,1669
2305.1,1668
2305.1,1667
2305.3,1666
2305.8,1665
2306.3,1664
2307.1,1663
2307.9,1662
2308.7,1661
2309.2,1660
2309.8,1659
2310.2,1658
2310.6,1657
2310.7,1656
2310.7,1655
2311.1,1654
2311.7,1653
2312.2,1652
2312.6,1651
2312.7,1650
2312.7,1649
2313.1,1648
2313.7,1647
2314.2,1646
2314.8,1645
2315.2,1644
2315.5,1643
2315.5,1642
2315.8,1641
2316.2,1640
2316.8,1639
2317.3,1638
2318,1637
2318.7,1636
2319.2,1635
2319.5,1634
2319.6,1633
2320.1,1632
2321,1631
2322,1630
2322.9,1629
2323.4,1628
2323.5,1627
2323.8,1626
2324,1625
2324.2,1624
2324.5,1623
2324.6,1622
2325.1,1621
2325.6,1620
2325.9,1619
2325.6,1618
2325,1617
2324.4,1616
2324.4,1615
2325,1614
2325.6,1613
2325.7,1612
2325.7,1611
2326.1,1610
2326.7,1609
2327.2,1608
2327.5,1607
2327.6,1606
2328.1,1605
2328.7,1604
2329.3,1603
2330.1,1602
2331,1601
2331.9,1600
2332.7,1599
2333.3,1598
2334,1597
2334.7,1596
2335.2,1595
2335.6,1594
2335.7,1593
2335.7,1592
2336.1,1591
2337,1590
2338,1589
2339,1588
2339.9,1587
2340.6,1586
2340.7,1585
2340.5,1584
2340.4,1583
2339.9,1582
2339.4,1581
2339.4,1580
2339.9,1579
2340.3,1578
2340.3,1577
2340.3,1576
2340.5,1575
2340.5,1574
2340.8,1573
2341.3,1572
2342,1571
2342.6,1570
2343,1569
2343.4,1568
2344,1567
2344.7,1566
2345.2,1565
2345.3,1564
2345,1563
2344.7,1562
2345,1561
2345.3,1560
2345.2,1559
2344.8,1558
2344.7,1557
2345,1556
2345.3,1555
2345,1554
2344.7,1553
2345,1552
2345.4,1551
2345.5,1550
2345.5,1549
2345.5,1548
2345.5,1547
2345.6,1546
2346.1,1545
2346.9,1544
2347.4,1543
2347.6,1542
2348.1,1541
2348.6,1540
2348.9,1539
2349.1,1538
2349.2,1537
2349.5,1536
2349.6,1535
2350.1,1534
2350.6,1533
2350.9,1532
2351,1531
2351,1530
2351.1,1529
2351.2,1528
2351.5,1527
2351.5,1526
2351.8,1525
2352.2,1524
2352.8,1523
2353.2,1522
2353.5,1521
2353.5,1520
2353.7,1519
2353.7,1518
2353.7,1517
2354.1,1516
2354.6,1515
2354.7,1514
2354.7,1513
2355.1,1512
2355.6,1511
2355.9,1510
2356,1509
2356,1508
2356,1507
2355.9,1506
2355.8,1505
2355.7,1504
2356.1,1503
2356.6,1502
2356.9,1501
2357,1500
2357,1499
2357.1,1498
2357.2,1497
2357.5,1496
2357.5,1495
2357.5,1494
2357.5,1493
2357.5,1492
2357.5,1491
2357.5,1490
2357.6,1489
2358.1,1488
2358.6,1487
2358.7,1486
2358.5,1485
2358.5,1484
2358.5,1483
2358.5,1482
2358.6,1481
2359.1,1480
2359.7,1479
2360.2,1478
2360.6,1477
2360.7,1476.1
2360.7,1475.3
2361,1474.7
2361.4,1473.9
2361.5,1473
2361.8,1472
2362.2,1471
2362.4,1470
2362.2,1469
2362.1,1468
2362.2,1467
2362.4,1466
2362.2,1465
2361.8,1464
2361.7,1463
2362,1462
2362.4,1461
2362.5,1460
2362.8,1459
2363.2,1458
2363.3,1457
2362.9,1456
2362.4,1455
2362.4,1454
2362.7,1453
2362.9,1452
2363,1451
2363,1450
2363.1,1449
2363.2,1448
2363.4,1447
2363.2,1446
2363.1,1445
2363.1,1444
2363.2,1443
2363.5,1442
2363.5,1441
2363.5,1440
2363.5,1439
2363.4,1438
2363,1437
2362.7,1436
2363.1,1435
2363.6,1434
2363.7,1433
2363.6,1432
2363.8,1431
2363.9,1430
2363.9,1429
2363.7,1428
2363.4,1427
2363.4,1426
2363.6,1425
2363.7,1424
2363.6,1423
2363.8,1422
2364,1421
2364.4,1420
2365.1,1419
2366,1418.1
2366.9,1417.7
2367.6,1417.8
2366.6,1416.6
2365.9,1415.9
2365,1415
2364.1,1414
2363.6,1413
2363.5,1412
2363.3,1411
2363.4,1410
2363.6,1409
2363.6,1408
2363.4,1407
2363.4,1406
2363.8,1405
2364.2,1404
2364.3,1403
2363.9,1402
2363.4,1401
2363.1,1400
2362.9,1399
2362.8,1398
2362.6,1397
2362.8,1396
2362.9,1395
2363,1394
2362.9,1393
2362.8,1392
2362.5,1391
2362.5,1390
2362.5,1389
2362.7,1388
2362.6,1387
2362.1,1386
2361.7,1385
2361.7,1384
2361.7,1383
2361.5,1382
2361.5,1381
2361.5,1380
2361.5,1379
2361.5,1378
2361.5,1377
2361.5,1376
2361.5,1375
2361.3,1374
2361.3,1373
2361.5,1372
2361.5,1371
2361.4,1370
2361,1369
2360.7,1368
2361,1367
2361.3,1366
2361,1365
2360.6,1364
2360.5,1363
2360.5,1362
2360.5,1361
2360.2,1360
2359.8,1359
2359.5,1358
2359.5,1357
2359.5,1356
2359.5,1355
2359.5,1354
2359.5,1353
2359.3,1352
2359.3,1351
2359.5,1350
2359.5,1349
2359.4,1348
2359,1347
2358.6,1346
2358.5,1345
2358.5,1344
2358.5,1343
2358.3,1342
2358.3,1341
2358.5,1340
2358.5,1339
2358.4,1338
2358,1337
2357.6,1336
2357.5,1335
2357.5,1334
2357.5,1333
2357.3,1332
2357.4,1331
2357.6,1330
2357.7,1329
2357.5,1328
2357.4,1327
2357,1326
2356.7,1325
2356.8,1324
2356.9,1323
2356.7,1322
2356.2,1321
2355.8,1320
2355.7,1319
2356,1318
2356.4,1317
2356.5,1316
2356.8,1315
2356.9,1314
2356.6,1313
2356.1,1312
2355.6,1311
2355.5,1310
2355.3,1309
2355.3,1308
2355.5,1307
2355.6,1306
2356,1305
2356.3,1304
2356.2,1303
2355.8,1302
2355.2,1301
2354.8,1300
2354.5,1299
2354.5,1298
2354.5,1297
2354.5,1296
2354.2,1295
2354,1294
2353.8,1293
2353.5,1292
2353.5,1291
2353.5,1290
2353.5,1289
2353.2,1288
2353.1,1287
2353,1286
2353,1285
2353,1284
2353,1283
2353,1282
2352.9,1281
2352.7,1280
2352.4,1279
2352.4,1278
2352.8,1277
2353.3,1276
2354,1275
2354.6,1274
2355,1273
2355.2,1272
2355.5,1271
2355.6,1270
2356,1269
2356.4,1268
2356.5,1267
2356.5,1266
2356.5,1265
2356.4,1264
2355.9,1263
2355,1262
2354,1261
2353.1,1260
2352.6,1259
2352.5,1258
2352.5,1257
2352.4,1256
2352,1255
2351.7,1254
2351.7,1253
2351.6,1252
2351.2,1251
2350.7,1250
2350,1249
2349.4,1248
2349.1,1247
2349.4,1246
2350,1245
2350.7,1244
2351.2,1243
2351.3,1242
2350.9,1241
2350.3,1240
2349.8,1239
2349.2,1238
2348.8,1237
2348.5,1236
2348.5,1235
2348.6,1234
2349,1233
2349.4,1232
2349.5,1231
2349.7,1230
2349.6,1229
2349.4,1228
2349.3,1227
2349.5,1226
2349.5,1225
2349.5,1224
2349.2,1223
2348.8,1222
2348.5,1221
2348.5,1220
2348.2,1219
2347.8,1218
2347.2,1217
2346.7,1216
2346,1215
2345.3,1214
2344.8,1213
2344.5,1212
2344.5,1211
2344.5,1210
2344.5,1209
2344.6,1208
2345,1207
2345.3,1206
2345.2,1205
2345.1,1204
2345,1203
2344.9,1202
2344.8,1201
2344.7,1200
2345.1,1199
2345.7,1198
2346.2,1197
2346.4,1196
2346.2,1195
2346.1,1194
2346.3,1193
2346.6,1192
2346.6,1191
2346,1190
2345.3,1189
2344.8,1188
2344.5,1187
2344.4,1186
2344,1185
2343.7,1184
2344.1,1183
2344.7,1182
2345.2,1181
2345.7,1180
2345.9,1179
2345.6,1178
2344.9,1177
2344,1176
2343,1175
2342,1174
2341,1173
2340.1,1172
2339.6,1171
2339.5,1170
2339.6,1169
2340.1,1168
2340.9,1167
2341.4,1166
2341.5,1165
2341.5,1164
2341.5,1163
2341.4,1162
2340.9,1161
2340,1160
2339.1,1159
2338.4,1158
2338.4,1157
2338.8,1156
2339.2,1155
2339.3,1154
2338.9,1153
2338.3,1152
2337.8,1151
2337.3,1150
2337.1,1149
2337,1148
2337.1,1147
2337.4,1146
2338.1,1145
2338.9,1144
2339.3,1143
2338.9,1142
2338,1141
2337,1140
2336.1,1139
2335.3,1138
2334.8,1137
2334.6,1136
2334.8,1135
2334.9,1134
2334.8,1133
2334.5,1132
2334.5,1131
2334.5,1130
2334.5,1129
2334.5,1128
2334.5,1127
2334.5,1126
2334.5,1125
2334.5,1124
2334.4,1123
2333.9,1122
2333.4,1121
2333.3,1120
2333.3,1119
2332.9,1118
2332.4,1117
2332.4,1116
2332.6,1115
2332.6,1114
2332.2,1113
2331.8,1112
2331.4,1111
2331.3,1110
2331.4,1109
2331.2,1108
2331.1,1107
2331.2,1106
2331.3,1105
2330.9,1104
2330.4,1103
2330.3,1102
2330.4,1101
2330.2,1100
2330.1,1099
2330,1098
2330,1097
2329.9,1096
2329.8,1095
2329.6,1094
2329.7,1093
2329.6,1092
2328.9,1091
2328.1,1090
2327.3,1089
2326.8,1088
2326.5,1087
2326.5,1086
2326.5,1085
2326.8,1084
2326.9,1083
2326.8,1082
2326.5,1081
2326.5,1080
2326.5,1079
2326.5,1078
2326.2,1077
2326,1076
2325.8,1075
2325.6,1074
2325.8,1073
2325.9,1072
2325.8,1071
2325.5,1070
2325.5,1069
2325.2,1068
2324.7,1067
2324.1,1066
2323.7,1065
2323.8,1064
2323.9,1063
2323.7,1062
2323.4,1061
2323.3,1060
2323.4,1059
2323.3,1058
2323.3,1057
2323.3,1056
2322.9,1055
2322.3,1054
2321.8,1053
2321.6,1052
2321.8,1051
2321.9,1050
2321.6,1049
2321.1,1048
2320.6,1047
2320.4,1046
2319.9,1045
2319.1,1044
2318.4,1043
2318.3,1042
2318.5,1041
2318.6,1040
2319,1039
2319.3,1038
2319,1037
2318.7,1036
2319,1035
2319.3,1034
2318.9,1033
2318,1032
2317,1031
2316.1,1030
2315.4,1029
2315.3,1028
2315.5,1027
2315.5,1026
2315.4,1025
2314.9,1024
2314.4,1023
2314.3,1022
2314.3,1021
2313.9,1020
2313.3,1019
2312.7,1018
2312.1,1017
2311.6,1016
2311.5,1015
2311.2,1014
2310.8,1013
2310.4,1012
2310.3,1011
2310.3,1010
2310,1009
2309.6,1008
2309.5,1007
2309.2,1006
2309.1,1005
2308.9,1004
2308.7,1003
2308.3,1002
2308.1,1001
2307.9,1000
2307.8,999
2307.5,998
2307.4,997
2306.9,996
2306.1,995
2305.7,994
2305.7,993
2305.6,992
2305.3,991
2305,990
2304.6,989
2304.1,988
2303.7,987
2303.7,986
2303.6,985
2303,984
2302.4,983
2302.1,982
2302,981
2302,980
2301.9,979
2301.6,978
2301.1,977
2300.6,976
2300.5,975
2300.2,974
2299.8,973
2299.6,972
2299.8,971
2299.9,970
2300,969
2300,968
2300,967
2299.9,966
2299.8,965
2299.5,964
2299.4,963
2298.9,962
2298,961
2297,960
2296,959
2295.1,958
2294.3,957
2293.7,956
2293,955
2292.3,954
2291.8,953
2291.2,952
2290.7,951
2289.9,950
2289,949
2288,948
2287.1,947
2286.6,946
2286.5,945
2286.5,944
2286.4,943
2285.9,942
2285.1,941
2284.3,940
2283.8,939
2283.5,938
2283.5,937
2283.5,936
2283.4,935
2282.9,934
2282,933.05
2281.1,932.35
2280.4,932.05
2280.6,930.65
2280,929.95
2279.3,929
2278.8,928
2278.2,927
2277.8,926
2277.3,925
2277,924
2276.7,923
2276.2,922
2275.8,921
2275.3,920
2275.1,919
2275,918
2274.9,917
2274.6,916
2273.9,915
2273,914
2272,913
2271.1,912
2270.3,911
2269.8,910
2269.2,909
2268.8,908
2268.2,907
2267.8,906
2267.5,905
2267.4,904
2266.9,903
2266.1,902
2265.6,901
2265.5,900
2265.2,899
2264.7,898
2264,897
2263.3,896
2262.8,895
2262.3,894
2262,893
2261.6,892
2260.9,891
2260,890
2259,889
2258,888
2257.1,887
2256.4,886
2256.1,885
2255.9,884
2255.6,883
2254.9,882
2254,881
2253,880
2252,879
2251.1,878
2250.3,877
2249.8,876
2249.2,875
2248.7,874
2248,873
2247.3,872
2246.7,871
2245.9,870
2245,869
2244.1,868
2243.3,867
2242.8,866
2242.2,865
2241.8,864
2241.2,863
2240.7,862
2239.9,861
2239,860
2238,859
2237.1,858
2236.3,857
2235.8,856
2235.2,855
2234.8,854
2234.2,853
2233.7,852
2232.9,851
2232,850
2231,849
2230.1,848
2229.3,847
2228.7,846
2227.9,845
2227,844
2226,843
2225.1,842
2224.3,841
2223.7,840
2222.9,839
2222,838
2221,837
2220,836
2219,835
2218,834
2217,833
2216,832
2215.1,831
2214.3,830
2213.8,829
2213.2,828
2212.7,827
2211.9,826
2211,825
2210.1,824
2209.3,823
2208.7,822.05
2207.9,821.3
2207,820.7
2206,819.95
2205.1,819
2204.3,818
2203.7,817
2202.9,816
2202,815
2201,814
2200.1,813
2199.3,812
2198.7,811
2197.9,810
2197,809
2196,808
2195.1,807
2194.3,806
2193.7,805
2192.9,804
2192.1,803
2191.3,802
2190.7,801
2190,800
2189.3,799
2188.8,798
2188.2,797
2187.7,796
2186.9,795
2186.1,794
2185.3,793
2184.8,792
2184.2,791
2183.7,790
2182.9,789.05
2182,788.3
2181,787.76
2180,787.24
2179,786.7
2178,785.95
2177.1,785
2176.3,784
2175.7,783
2174.9,782
2174,781
2173,780
2172,779
2171.1,778
2170.3,777
2169.8,776
2169.2,775
2168.7,774
2167.9,773
2167,772
2166.1,771
2165.3,770
2164.7,769
2164.1,768
2163.6,767
2163.4,766
2162.9,765
2162,764
2161,763
2160,762
2159,761
2158,760
2157,759
2156,758
2155,757
2154,756
2153,755
2152,754
2151,753.11
2150,752.6
2149,752.4
2148,751.89
2147,751
2146,750
2145,749
2144,748
2143,747.05
2142,746.3
2141,745.7
2140,744.95
2139,744
2138,743
2137,742
2136,741
2135.1,740
2134.3,739
2133.7,738
2132.9,737
2132,736
2131,735
2130,734
2129,733
2128,732
2127,731
2126,730
2125,729
2124,728
2123,727
2122,726
2121.1,725
2120.6,724
2120.4,723
2119.9,722
2119,721
2118,720
2117,719
2116,718
2115.1,717
2114.3,716
2113.7,715
2112.9,714
2112.1,713
2111.6,712
2111.4,711
2110.9,710
2110,709
2109,708
2108.1,707
2107.3,706
2106.7,705
2105.9,704
2105,703
2104.1,702
2103.7,701
2104,700
2104.4,699
2104.5,698
2104.4,697
2103.9,696
2103,695
2102,694
2101,693
2100.1,692
2099.4,691
2099.3,690
2099.3,689
2098.9,688
2098,687
2097,686
2096,685
2095.1,684
2094.7,683
2095.1,682
2096,681.05
2097,680.3
2098,679.7
2098.9,678.95
2099.4,678.05
2099.5,677.35
2099.8,677.05
2101.4,675.65
2102.1,674.95
2103,674
2104,673
2105,672
2106,671
2107,670
2108,669
2108.9,668
2109.7,667
2110.2,666
2110.6,665
2110.7,664
2110.7,663
2111.1,662
2112,661
2112.9,660
2113.7,659
2114.3,658
2115.1,657
2116,656
2117,655
2117.9,654
2118.7,653
2119.3,652
2120.1,651
2121,650
2122,649
2123,648
2124,647.05
2125,646.3
2126,645.7
2127,644.95
2127.9,644
2128.7,643
2129.3,642
2130.1,641
2131,640
2132,639
2133,638
2134,637
2135,636
2136,635
2136.9,634
2137.6,633
2137.7,632
2137.5,631
2137.4,630
2137,629
2136.7,628
2137.1,627
2138,626
2139,625
2140,624
2141,623
2142,622
2143,621
2144,620
2145,619
2146,618
2147,617.05
2148,616.3
2149,615.7
2150,614.95
2151,614
2152,613
2152.9,612
2153.3,611
2153.2,610.05
2153.1,609.35
2154,607.65
2154,606.95
2153.9,606
2153.8,605
2153.5,604
2153.5,603
2153.5,602
2153.5,601
2153.5,600
2153.5,599
2153.2,598
2152.8,597
2152.5,596
2152.5,595
2152.5,594
2152.8,593
2152.9,592
2153.1,591
2153.2,590
2153.5,589
2153.6,588
2154.1,587
2154.9,586
2155.3,585
2155.2,584
2154.8,583
2154.2,582
2153.7,581
2152.9,580
2152.1,579
2151.3,578
2150.7,577
2149.9,576
2149.1,575
2148.3,574
2147.7,573
2146.9,572
2146,571
2145,570
2144,569
2143,568
2142,567
2141,566.05
2140,565.35
2139.1,565.05
2138.4,565
